,easing,slack,at_target,supply_shock,overheating
Uncertainty density,62.019502657212556,-64.92969116578921,61.4542169853541,-2.1220329925818007,-44.77678627919847
Dissent density,,,,,
Guidance specificity,-0.07401047797415575,0.026593974326337113,0.04438083234590402,-0.013807802899515532,-0.18505525291546904
