,easing,slack,at_target,supply_shock,overheating
Uncertainty density,-0.036265643661980526,-0.1801828540263693,0.045888688292400975,0.19949258801589564,0.29176310218954676
Dissent density,0.6244085188165703,-1.1736525448382056,-0.5090437242373765,,0.7085643976582926
Guidance specificity,-0.03908673712959087,-0.04974462265069311,0.007714916023882708,0.066701353438074,0.4217802120174751
