,easing,slack,at_target,supply_shock,overheating
Uncertainty density,5.731384576727992,-12.305886202844942,30.112228064571667,-0.6881448085170139,-9.248081906793715
Dissent density,,,,,
Guidance specificity,,,,,
