,easing,slack,at_target,supply_shock,overheating
Uncertainty density,5.731384576727992,-12.305886202844942,30.112228064571667,-0.6881448085170139,-9.248081906793715
Dissent density,,,,,
Guidance specificity,-0.01767831994178895,-0.016502767487671103,0.009090804594071654,-0.002203568256344161,0.01946125660956915
