,easing,slack,at_target,supply_shock,overheating
Uncertainty density,-0.008383004241967482,-0.05564320854618973,0.007576822852367683,0.05146207480565862,0.05702944598089105
Dissent density,0.19556474809334978,-0.7209466724971192,-0.1321210010269607,,0.15222787976859328
Guidance specificity,-0.01093732667087596,-0.018612395329478837,0.009735518290131216,0.018103181020503865,0.0530512161593627
