,easing,slack,at_target,supply_shock,overheating
Uncertainty density,-0.013951275554936984,-0.09273765153164758,0.012756233678395264,0.08574268990032471,0.09479418118930237
Dissent density,0.3259412468222496,-1.201577787495198,-0.22020166837826774,,0.2537131329476553
Guidance specificity,-0.019411371605014036,-0.025811862749007666,0.017029086618149183,0.028850517955642255,0.08951132896606025
